epoch,step,test/Multiclass_Accuracy,test/Multiclass_F1_Score,test/Multiclass_Jaccard_Index,test/Multiclass_Jaccard_Index_Micro,test/loss,test/multiclassaccuracy_Mining,test/multiclassaccuracy_Non_mining,test/multiclassjaccardindex_Mining,test/multiclassjaccardindex_Non_mining,train/Multiclass_Accuracy,train/Multiclass_F1_Score,train/Multiclass_Jaccard_Index,train/Multiclass_Jaccard_Index_Micro,train/loss,train/multiclassaccuracy_Mining,train/multiclassaccuracy_Non_mining,train/multiclassjaccardindex_Mining,train/multiclassjaccardindex_Non_mining,val/Multiclass_Accuracy,val/Multiclass_F1_Score,val/Multiclass_Jaccard_Index,val/Multiclass_Jaccard_Index_Micro,val/loss,val/multiclassaccuracy_Mining,val/multiclassaccuracy_Non_mining,val/multiclassjaccardindex_Mining,val/multiclassjaccardindex_Non_mining
0,0,,,,,,,,,,,,,,1.2949475049972534,,,,,,,,,,,,,
0,1,,,,,,,,,,,,,,0.47770363092422485,,,,,,,,,,,,,
0,2,,,,,,,,,,,,,,0.914657711982727,,,,,,,,,,,,,
0,3,,,,,,,,,,,,,,0.31843987107276917,,,,,,,,,,,,,
0,4,,,,,,,,,,,,,,0.07557643204927444,,,,,,,,,,,,,
0,5,,,,,,,,,,,,,,0.5637927055358887,,,,,,,,,,,,,
0,6,,,,,,,,,,,,,,0.03728696331381798,,,,,,,,,,,,,
0,7,,,,,,,,,,,,,,0.21105188131332397,,,,,,,,,,,,,
0,8,,,,,,,,,,,,,,0.29546883702278137,,,,,,,,,,,,,
0,9,,,,,,,,,,,,,,0.21304728090763092,,,,,,,,,,,,,
0,10,,,,,,,,,,,,,,0.3262818455696106,,,,,,,,,,,,,
0,11,,,,,,,,,,,,,,0.1370096355676651,,,,,,,,,,,,,
0,12,,,,,,,,,,,,,,0.2767178416252136,,,,,,,,,,,,,
0,12,,,,,,,,,,,,,,,,,,,0.9485285878181458,0.9485285878181458,0.6765933036804199,0.9020963907241821,0.3088582456111908,0.4760395586490631,0.986324667930603,0.40653926134109497,0.9466474056243896
0,12,,,,,,,,,,0.9370985627174377,0.9370985627174377,0.5685948729515076,0.8816420435905457,,0.43929919600486755,0.9557119607925415,0.20110316574573517,0.9360865950584412,,,,,,,,,
1,13,,,,,,,,,,,,,,0.23701132833957672,,,,,,,,,,,,,
1,14,,,,,,,,,,,,,,0.20417124032974243,,,,,,,,,,,,,
1,15,,,,,,,,,,,,,,0.1142711490392685,,,,,,,,,,,,,
1,16,,,,,,,,,,,,,,0.11664911359548569,,,,,,,,,,,,,
1,17,,,,,,,,,,,,,,0.22275492548942566,,,,,,,,,,,,,
1,18,,,,,,,,,,,,,,0.09474679082632065,,,,,,,,,,,,,
1,19,,,,,,,,,,,,,,0.41369685530662537,,,,,,,,,,,,,
1,20,,,,,,,,,,,,,,0.31250622868537903,,,,,,,,,,,,,
1,21,,,,,,,,,,,,,,0.13772772252559662,,,,,,,,,,,,,
1,22,,,,,,,,,,,,,,0.2394409030675888,,,,,,,,,,,,,
1,23,,,,,,,,,,,,,,0.3576958477497101,,,,,,,,,,,,,
1,24,,,,,,,,,,,,,,0.11875449866056442,,,,,,,,,,,,,
1,25,,,,,,,,,,,,,,0.2141639143228531,,,,,,,,,,,,,
1,25,,,,,,,,,,,,,,,,,,,0.9418147206306458,0.9418147206306458,0.6762419939041138,0.890028178691864,0.3024842143058777,0.5530552864074707,0.9729129672050476,0.413154661655426,0.9393293857574463
1,25,,,,,,,,,,0.947806715965271,0.947806715965271,0.6214543581008911,0.9007914662361145,,0.6096457242965698,0.9604510068893433,0.2962746024131775,0.94663405418396,,,,,,,,,
2,26,,,,,,,,,,,,,,0.16899485886096954,,,,,,,,,,,,,
2,27,,,,,,,,,,,,,,0.12425270676612854,,,,,,,,,,,,,
2,28,,,,,,,,,,,,,,0.2515677511692047,,,,,,,,,,,,,
2,29,,,,,,,,,,,,,,0.160117506980896,,,,,,,,,,,,,
2,30,,,,,,,,,,,,,,0.16497020423412323,,,,,,,,,,,,,
2,31,,,,,,,,,,,,,,0.37393009662628174,,,,,,,,,,,,,
2,32,,,,,,,,,,,,,,0.07297182083129883,,,,,,,,,,,,,
2,33,,,,,,,,,,,,,,0.08137062191963196,,,,,,,,,,,,,
2,34,,,,,,,,,,,,,,0.08235868811607361,,,,,,,,,,,,,
2,35,,,,,,,,,,,,,,0.1844814568758011,,,,,,,,,,,,,
2,36,,,,,,,,,,,,,,0.21697929501533508,,,,,,,,,,,,,
2,37,,,,,,,,,,,,,,0.1938265711069107,,,,,,,,,,,,,
2,38,,,,,,,,,,,,,,0.0817490965127945,,,,,,,,,,,,,
2,38,,,,,,,,,,,,,,,,,,,0.9283212423324585,0.9283212423324585,0.6718252897262573,0.8662309050559998,0.23718751966953278,0.6985927820205688,0.946698009967804,0.41924071311950684,0.9244099259376526
2,38,,,,,,,,,,0.962615966796875,0.962615966796875,0.671541690826416,0.9279263615608215,,0.6393448114395142,0.9747034907341003,0.3813491761684418,0.9617341756820679,,,,,,,,,
3,39,,,,,,,,,,,,,,0.23570232093334198,,,,,,,,,,,,,
3,40,,,,,,,,,,,,,,0.11875993758440018,,,,,,,,,,,,,
3,41,,,,,,,,,,,,,,0.13992340862751007,,,,,,,,,,,,,
3,42,,,,,,,,,,,,,,0.2547455132007599,,,,,,,,,,,,,
3,43,,,,,,,,,,,,,,0.1621084213256836,,,,,,,,,,,,,
3,44,,,,,,,,,,,,,,0.07813074439764023,,,,,,,,,,,,,
3,45,,,,,,,,,,,,,,0.129853755235672,,,,,,,,,,,,,
3,46,,,,,,,,,,,,,,0.1887226700782776,,,,,,,,,,,,,
3,47,,,,,,,,,,,,,,0.1977948248386383,,,,,,,,,,,,,
3,48,,,,,,,,,,,,,,0.16149376332759857,,,,,,,,,,,,,
3,49,,,,,,,,,,,,,,0.25827541947364807,,,,,,,,,,,,,
3,50,,,,,,,,,,,,,,0.10004579275846481,,,,,,,,,,,,,
3,51,,,,,,,,,,,,,,0.08859807997941971,,,,,,,,,,,,,
3,51,,,,,,,,,,,,,,,,,,,0.925523042678833,0.925523042678833,0.6703678369522095,0.8613707423210144,0.23484376072883606,0.7264832854270935,0.9414449334144592,0.4194481074810028,0.9212875366210938
3,51,,,,,,,,,,0.9575453400611877,0.9575453400611877,0.6618549227714539,0.9185487031936646,,0.6836003661155701,0.9677885174751282,0.3672369718551636,0.9564728736877441,,,,,,,,,
4,52,,,,,,,,,,,,,,0.23186121881008148,,,,,,,,,,,,,
4,53,,,,,,,,,,,,,,0.1498487889766693,,,,,,,,,,,,,
4,54,,,,,,,,,,,,,,0.12596389651298523,,,,,,,,,,,,,
4,55,,,,,,,,,,,,,,0.1157737523317337,,,,,,,,,,,,,
4,56,,,,,,,,,,,,,,0.053144294768571854,,,,,,,,,,,,,
4,57,,,,,,,,,,,,,,0.23099075257778168,,,,,,,,,,,,,
4,58,,,,,,,,,,,,,,0.09302286803722382,,,,,,,,,,,,,
4,59,,,,,,,,,,,,,,0.09335564821958542,,,,,,,,,,,,,
4,60,,,,,,,,,,,,,,0.07957173138856888,,,,,,,,,,,,,
4,61,,,,,,,,,,,,,,0.16130132973194122,,,,,,,,,,,,,
4,62,,,,,,,,,,,,,,0.3437102138996124,,,,,,,,,,,,,
4,63,,,,,,,,,,,,,,0.10637279599905014,,,,,,,,,,,,,
4,64,,,,,,,,,,,,,,0.10738259553909302,,,,,,,,,,,,,
4,64,,,,,,,,,,,,,,,,,,,0.9289175271987915,0.9289175271987915,0.677049994468689,0.8672698140144348,0.2235850691795349,0.7216024398803711,0.9455013871192932,0.42919620871543884,0.9249037504196167
4,64,,,,,,,,,,0.9691432118415833,0.9691432118415833,0.6995972990989685,0.9401336908340454,,0.6479093432426453,0.9811545610427856,0.43078920245170593,0.9684053659439087,,,,,,,,,
5,65,,,,,,,,,,,,,,0.22314471006393433,,,,,,,,,,,,,
5,66,,,,,,,,,,,,,,0.27679333090782166,,,,,,,,,,,,,
5,67,,,,,,,,,,,,,,0.14121444523334503,,,,,,,,,,,,,
5,68,,,,,,,,,,,,,,0.09545363485813141,,,,,,,,,,,,,
5,69,,,,,,,,,,,,,,0.1653478741645813,,,,,,,,,,,,,
5,70,,,,,,,,,,,,,,0.09583263099193573,,,,,,,,,,,,,
5,71,,,,,,,,,,,,,,0.18726001679897308,,,,,,,,,,,,,
5,72,,,,,,,,,,,,,,0.08312749117612839,,,,,,,,,,,,,
5,73,,,,,,,,,,,,,,0.14771810173988342,,,,,,,,,,,,,
5,74,,,,,,,,,,,,,,0.13070297241210938,,,,,,,,,,,,,
5,75,,,,,,,,,,,,,,0.15100739896297455,,,,,,,,,,,,,
5,76,,,,,,,,,,,,,,0.12206554412841797,,,,,,,,,,,,,
5,77,,,,,,,,,,,,,,0.02672976814210415,,,,,,,,,,,,,
5,77,,,,,,,,,,,,,,,,,,,0.9268094301223755,0.9268094301223755,0.6751143932342529,0.8636019825935364,0.23228652775287628,0.7383367419242859,0.9418860673904419,0.42765355110168457,0.9225752949714661
5,77,,,,,,,,,,0.9581709504127502,0.9581709504127502,0.6751521229743958,0.9197007417678833,,0.7523121237754822,0.9658682942390442,0.3932991623878479,0.9570050835609436,,,,,,,,,
6,78,,,,,,,,,,,,,,0.11983887106180191,,,,,,,,,,,,,
6,79,,,,,,,,,,,,,,0.173249289393425,,,,,,,,,,,,,
6,80,,,,,,,,,,,,,,0.12133653461933136,,,,,,,,,,,,,
6,81,,,,,,,,,,,,,,0.21755099296569824,,,,,,,,,,,,,
6,82,,,,,,,,,,,,,,0.17078010737895966,,,,,,,,,,,,,
6,83,,,,,,,,,,,,,,0.20841866731643677,,,,,,,,,,,,,
6,84,,,,,,,,,,,,,,0.22461971640586853,,,,,,,,,,,,,
6,85,,,,,,,,,,,,,,0.18143294751644135,,,,,,,,,,,,,
6,86,,,,,,,,,,,,,,0.14986948668956757,,,,,,,,,,,,,
6,87,,,,,,,,,,,,,,0.04903260990977287,,,,,,,,,,,,,
6,88,,,,,,,,,,,,,,0.10210718959569931,,,,,,,,,,,,,
6,89,,,,,,,,,,,,,,0.14707264304161072,,,,,,,,,,,,,
6,90,,,,,,,,,,,,,,0.08794952929019928,,,,,,,,,,,,,
6,90,,,,,,,,,,,,,,,,,,,0.9426645040512085,0.9426645040512085,0.6805506944656372,0.8915472030639648,0.2479749321937561,0.5626901388168335,0.9730600118637085,0.4209303557872772,0.9401710033416748
6,90,,,,,,,,,,0.9685621857643127,0.9685621857643127,0.7021771669387817,0.9390408396720886,,0.6758499145507812,0.9795070886611938,0.43657705187797546,0.9677772521972656,,,,,,,,,
7,91,,,,,,,,,,,,,,0.24381165206432343,,,,,,,,,,,,,
7,92,,,,,,,,,,,,,,0.1288105547428131,,,,,,,,,,,,,
7,93,,,,,,,,,,,,,,0.2249249666929245,,,,,,,,,,,,,
7,94,,,,,,,,,,,,,,0.15237082540988922,,,,,,,,,,,,,
7,95,,,,,,,,,,,,,,0.0914887860417366,,,,,,,,,,,,,
7,96,,,,,,,,,,,,,,0.06436751782894135,,,,,,,,,,,,,
7,97,,,,,,,,,,,,,,0.08597102761268616,,,,,,,,,,,,,
7,98,,,,,,,,,,,,,,0.08740776777267456,,,,,,,,,,,,,
7,99,,,,,,,,,,,,,,0.18212725222110748,,,,,,,,,,,,,
7,100,,,,,,,,,,,,,,0.050053007900714874,,,,,,,,,,,,,
7,101,,,,,,,,,,,,,,0.19248293340206146,,,,,,,,,,,,,
7,102,,,,,,,,,,,,,,0.1330113708972931,,,,,,,,,,,,,
7,103,,,,,,,,,,,,,,0.26303336024284363,,,,,,,,,,,,,
7,103,,,,,,,,,,,,,,,,,,,0.9497586488723755,0.9497586488723755,0.7063531875610352,0.9043242335319519,0.2267143428325653,0.5901369452476501,0.9785260558128357,0.4652441143989563,0.9474622011184692
7,103,,,,,,,,,,0.964197039604187,0.964197039604187,0.6933884620666504,0.9308691024780273,,0.7298423647880554,0.9729598164558411,0.4235472083091736,0.9632297158241272,,,,,,,,,
8,104,,,,,,,,,,,,,,0.05795003101229668,,,,,,,,,,,,,
8,105,,,,,,,,,,,,,,0.31217584013938904,,,,,,,,,,,,,
8,106,,,,,,,,,,,,,,0.11206851899623871,,,,,,,,,,,,,
8,107,,,,,,,,,,,,,,0.17836593091487885,,,,,,,,,,,,,
8,108,,,,,,,,,,,,,,0.010285701602697372,,,,,,,,,,,,,
8,109,,,,,,,,,,,,,,0.154642716050148,,,,,,,,,,,,,
8,110,,,,,,,,,,,,,,0.025445979088544846,,,,,,,,,,,,,
8,111,,,,,,,,,,,,,,0.21401163935661316,,,,,,,,,,,,,
8,112,,,,,,,,,,,,,,0.14272521436214447,,,,,,,,,,,,,
8,113,,,,,,,,,,,,,,0.12478165328502655,,,,,,,,,,,,,
8,114,,,,,,,,,,,,,,0.16692249476909637,,,,,,,,,,,,,
8,115,,,,,,,,,,,,,,0.16154177486896515,,,,,,,,,,,,,
8,116,,,,,,,,,,,,,,0.09025613218545914,,,,,,,,,,,,,
8,116,,,,,,,,,,,,,,,,,,,0.9441950917243958,0.9441950917243958,0.7152587175369263,0.8942893743515015,0.20080143213272095,0.7223630547523499,0.9619402289390564,0.48947685956954956,0.9410405158996582
8,116,,,,,,,,,,0.9710435271263123,0.9710435271263123,0.7187815308570862,0.9437167644500732,,0.7046697735786438,0.9810035824775696,0.46727418899536133,0.970288872718811,,,,,,,,,
9,117,,,,,,,,,,,,,,0.12585727870464325,,,,,,,,,,,,,
9,118,,,,,,,,,,,,,,0.16583524644374847,,,,,,,,,,,,,
9,119,,,,,,,,,,,,,,0.15595050156116486,,,,,,,,,,,,,
9,120,,,,,,,,,,,,,,0.08368764817714691,,,,,,,,,,,,,
9,121,,,,,,,,,,,,,,0.14031681418418884,,,,,,,,,,,,,
9,122,,,,,,,,,,,,,,0.027689924463629723,,,,,,,,,,,,,
9,123,,,,,,,,,,,,,,0.22043025493621826,,,,,,,,,,,,,
9,124,,,,,,,,,,,,,,0.10908087342977524,,,,,,,,,,,,,
9,125,,,,,,,,,,,,,,0.14619292318820953,,,,,,,,,,,,,
9,126,,,,,,,,,,,,,,0.07129617035388947,,,,,,,,,,,,,
9,127,,,,,,,,,,,,,,0.17306460440158844,,,,,,,,,,,,,
9,128,,,,,,,,,,,,,,0.1169857606291771,,,,,,,,,,,,,
9,129,,,,,,,,,,,,,,0.1812008172273636,,,,,,,,,,,,,
9,129,,,,,,,,,,,,,,,,,,,0.9375234842300415,0.9375234842300415,0.7069759964942932,0.882394552230835,0.19520926475524902,0.779411792755127,0.9501714110374451,0.48025622963905334,0.9336957335472107
9,129,,,,,,,,,,0.9644270539283752,0.9644270539283752,0.7001810669898987,0.9312980771064758,,0.7658916115760803,0.971850574016571,0.43694496154785156,0.9634171724319458,,,,,,,,,
10,130,,,,,,,,,,,,,,0.07941796630620956,,,,,,,,,,,,,
10,131,,,,,,,,,,,,,,0.07162798941135406,,,,,,,,,,,,,
10,132,,,,,,,,,,,,,,0.08177538961172104,,,,,,,,,,,,,
10,133,,,,,,,,,,,,,,0.23419390618801117,,,,,,,,,,,,,
10,134,,,,,,,,,,,,,,0.12131587415933609,,,,,,,,,,,,,
10,135,,,,,,,,,,,,,,0.1407775729894638,,,,,,,,,,,,,
10,136,,,,,,,,,,,,,,0.17454330623149872,,,,,,,,,,,,,
10,137,,,,,,,,,,,,,,0.0907447412610054,,,,,,,,,,,,,
10,138,,,,,,,,,,,,,,0.16010232269763947,,,,,,,,,,,,,
10,139,,,,,,,,,,,,,,0.16252604126930237,,,,,,,,,,,,,
10,140,,,,,,,,,,,,,,0.07988741248846054,,,,,,,,,,,,,
10,141,,,,,,,,,,,,,,0.06237369403243065,,,,,,,,,,,,,
10,142,,,,,,,,,,,,,,0.13122420012950897,,,,,,,,,,,,,
10,142,,,,,,,,,,,,,,,,,,,0.9300771951675415,0.9300771951675415,0.6898455023765564,0.869293749332428,0.20618510246276855,0.7847363352775574,0.9417034983634949,0.45392879843711853,0.9257621765136719
10,142,,,,,,,,,,0.967737078666687,0.967737078666687,0.7129635214805603,0.9374908208847046,,0.7597368955612183,0.9755144715309143,0.45909833908081055,0.9668287038803101,,,,,,,,,
11,143,,,,,,,,,,,,,,0.18605515360832214,,,,,,,,,,,,,
11,144,,,,,,,,,,,,,,0.13929352164268494,,,,,,,,,,,,,
11,145,,,,,,,,,,,,,,0.07214133441448212,,,,,,,,,,,,,
11,146,,,,,,,,,,,,,,0.07402348518371582,,,,,,,,,,,,,
11,147,,,,,,,,,,,,,,0.0592222660779953,,,,,,,,,,,,,
11,148,,,,,,,,,,,,,,0.06367195397615433,,,,,,,,,,,,,
11,149,,,,,,,,,,,,,,0.21757745742797852,,,,,,,,,,,,,
11,150,,,,,,,,,,,,,,0.12605245411396027,,,,,,,,,,,,,
11,151,,,,,,,,,,,,,,0.20867271721363068,,,,,,,,,,,,,
11,152,,,,,,,,,,,,,,0.03159439563751221,,,,,,,,,,,,,
11,153,,,,,,,,,,,,,,0.17562201619148254,,,,,,,,,,,,,
11,154,,,,,,,,,,,,,,0.15259763598442078,,,,,,,,,,,,,
11,155,,,,,,,,,,,,,,0.08106163144111633,,,,,,,,,,,,,
11,155,,,,,,,,,,,,,,,,,,,0.940415620803833,0.940415620803833,0.7048022150993347,0.8875325322151184,0.20505176484584808,0.7207149863243103,0.9579902291297913,0.4725489318370819,0.9370554685592651
11,155,,,,,,,,,,0.9724661111831665,0.9724661111831665,0.7308971881866455,0.9464077949523926,,0.7341734766960144,0.9813761711120605,0.4900767207145691,0.9717177152633667,,,,,,,,,
12,156,,,,,,,,,,,,,,0.11323518306016922,,,,,,,,,,,,,
12,157,,,,,,,,,,,,,,0.2543822228908539,,,,,,,,,,,,,
12,158,,,,,,,,,,,,,,0.08434177935123444,,,,,,,,,,,,,
12,159,,,,,,,,,,,,,,0.10734622925519943,,,,,,,,,,,,,
12,160,,,,,,,,,,,,,,0.14565971493721008,,,,,,,,,,,,,
12,161,,,,,,,,,,,,,,0.08905273675918579,,,,,,,,,,,,,
12,162,,,,,,,,,,,,,,0.09623681753873825,,,,,,,,,,,,,
12,163,,,,,,,,,,,,,,0.07915865629911423,,,,,,,,,,,,,
12,164,,,,,,,,,,,,,,0.17151638865470886,,,,,,,,,,,,,
12,165,,,,,,,,,,,,,,0.12587760388851166,,,,,,,,,,,,,
12,166,,,,,,,,,,,,,,0.11528423428535461,,,,,,,,,,,,,
12,167,,,,,,,,,,,,,,0.07064783573150635,,,,,,,,,,,,,
12,168,,,,,,,,,,,,,,0.15346911549568176,,,,,,,,,,,,,
12,168,,,,,,,,,,,,,,,,,,,0.939453125,0.939453125,0.7023085951805115,0.8858194947242737,0.21200110018253326,0.7207784056663513,0.9569456577301025,0.4685787260532379,0.9360384345054626
12,168,,,,,,,,,,0.9663485288619995,0.9663485288619995,0.7089986205101013,0.9348881244659424,,0.7719812393188477,0.9736161231994629,0.45261189341545105,0.965385377407074,,,,,,,,,
13,169,,,,,,,,,,,,,,0.05637539178133011,,,,,,,,,,,,,
13,170,,,,,,,,,,,,,,0.20017442107200623,,,,,,,,,,,,,
13,171,,,,,,,,,,,,,,0.06866027414798737,,,,,,,,,,,,,
13,172,,,,,,,,,,,,,,0.11311215907335281,,,,,,,,,,,,,
13,173,,,,,,,,,,,,,,0.2440071552991867,,,,,,,,,,,,,
13,174,,,,,,,,,,,,,,0.10443980246782303,,,,,,,,,,,,,
13,175,,,,,,,,,,,,,,0.20268404483795166,,,,,,,,,,,,,
13,176,,,,,,,,,,,,,,0.14012649655342102,,,,,,,,,,,,,
13,177,,,,,,,,,,,,,,0.13531607389450073,,,,,,,,,,,,,
13,178,,,,,,,,,,,,,,0.10983633249998093,,,,,,,,,,,,,
13,179,,,,,,,,,,,,,,0.16799093782901764,,,,,,,,,,,,,
13,180,,,,,,,,,,,,,,0.030848510563373566,,,,,,,,,,,,,
13,181,,,,,,,,,,,,,,0.12474171817302704,,,,,,,,,,,,,
13,181,,,,,,,,,,,,,,,,,,,0.9476553201675415,0.9476553201675415,0.715527355670929,0.900518000125885,0.2032279074192047,0.6685471534729004,0.9699821472167969,0.48612648248672485,0.9449282288551331
13,181,,,,,,,,,,0.969690203666687,0.969690203666687,0.7129758596420288,0.9411636590957642,,0.7078937292098999,0.9794790744781494,0.45705515146255493,0.9688965678215027,,,,,,,,,
14,182,,,,,,,,,,,,,,0.07354315370321274,,,,,,,,,,,,,
14,183,,,,,,,,,,,,,,0.06519521027803421,,,,,,,,,,,,,
14,184,,,,,,,,,,,,,,0.09183891862630844,,,,,,,,,,,,,
14,185,,,,,,,,,,,,,,0.1801024079322815,,,,,,,,,,,,,
14,186,,,,,,,,,,,,,,0.1143995076417923,,,,,,,,,,,,,
14,187,,,,,,,,,,,,,,0.28316593170166016,,,,,,,,,,,,,
14,188,,,,,,,,,,,,,,0.16478019952774048,,,,,,,,,,,,,
14,189,,,,,,,,,,,,,,0.10575088113546371,,,,,,,,,,,,,
14,190,,,,,,,,,,,,,,0.15646114945411682,,,,,,,,,,,,,
14,191,,,,,,,,,,,,,,0.1806943714618683,,,,,,,,,,,,,
14,192,,,,,,,,,,,,,,0.12967737019062042,,,,,,,,,,,,,
14,193,,,,,,,,,,,,,,0.07997775822877884,,,,,,,,,,,,,
14,194,,,,,,,,,,,,,,0.13298466801643372,,,,,,,,,,,,,
14,194,,,,,,,,,,,,,,,,,,,0.9264150857925415,0.9264150857925415,0.678779125213623,0.8629173636436462,0.22390355169773102,0.7666708827018738,0.9391935467720032,0.4355733096599579,0.9219849109649658
14,194,,,,,,,,,,0.969140887260437,0.969140887260437,0.7138216495513916,0.940129280090332,,0.7273674607276917,0.9781810641288757,0.45933330059051514,0.9683100581169128,,,,,,,,,
15,195,,,,,,,,,,,,,,0.12728026509284973,,,,,,,,,,,,,
15,196,,,,,,,,,,,,,,0.0972442552447319,,,,,,,,,,,,,
15,197,,,,,,,,,,,,,,0.1717955768108368,,,,,,,,,,,,,
15,198,,,,,,,,,,,,,,0.10435054451227188,,,,,,,,,,,,,
15,199,,,,,,,,,,,,,,0.049468763172626495,,,,,,,,,,,,,
15,200,,,,,,,,,,,,,,0.5436411499977112,,,,,,,,,,,,,
15,201,,,,,,,,,,,,,,0.13605822622776031,,,,,,,,,,,,,
15,202,,,,,,,,,,,,,,0.05993589758872986,,,,,,,,,,,,,
15,203,,,,,,,,,,,,,,0.17878377437591553,,,,,,,,,,,,,
15,204,,,,,,,,,,,,,,0.08756765723228455,,,,,,,,,,,,,
15,205,,,,,,,,,,,,,,0.10217231512069702,,,,,,,,,,,,,
15,206,,,,,,,,,,,,,,0.1873505711555481,,,,,,,,,,,,,
15,207,,,,,,,,,,,,,,0.09577876329421997,,,,,,,,,,,,,
15,207,,,,,,,,,,,,,,,,,,,0.9413264393806458,0.9413264393806458,0.7091145515441895,0.8891564607620239,0.20703047513961792,0.7319979667663574,0.9580713510513306,0.48026615381240845,0.9379628896713257
15,207,,,,,,,,,,0.9665457010269165,0.9665457010269165,0.7016245126724243,0.9352573156356812,,0.7221896648406982,0.9756824970245361,0.4375974237918854,0.9656515717506409,,,,,,,,,
16,208,,,,,,,,,,,,,,0.16796113550662994,,,,,,,,,,,,,
16,209,,,,,,,,,,,,,,0.21404027938842773,,,,,,,,,,,,,
16,210,,,,,,,,,,,,,,0.04482169821858406,,,,,,,,,,,,,
16,211,,,,,,,,,,,,,,0.1865515559911728,,,,,,,,,,,,,
16,212,,,,,,,,,,,,,,0.1469247043132782,,,,,,,,,,,,,
16,213,,,,,,,,,,,,,,0.06901460886001587,,,,,,,,,,,,,
16,214,,,,,,,,,,,,,,0.1371331512928009,,,,,,,,,,,,,
16,215,,,,,,,,,,,,,,0.10734192281961441,,,,,,,,,,,,,
16,216,,,,,,,,,,,,,,0.10976295918226242,,,,,,,,,,,,,
16,217,,,,,,,,,,,,,,0.1298953741788864,,,,,,,,,,,,,
16,218,,,,,,,,,,,,,,0.1321197897195816,,,,,,,,,,,,,
16,219,,,,,,,,,,,,,,0.08646043390035629,,,,,,,,,,,,,
16,220,,,,,,,,,,,,,,0.06330384314060211,,,,,,,,,,,,,
16,220,,,,,,,,,,,,,,,,,,,0.9432373046875,0.9432373046875,0.715152382850647,0.8925724625587463,0.20415672659873962,0.7373225092887878,0.9597091674804688,0.4903465211391449,0.9399582743644714
16,220,,,,,,,,,,0.9695011973381042,0.9695011973381042,0.7249695062637329,0.9408077001571655,,0.7852351069450378,0.9763911366462708,0.48132622241973877,0.9686128497123718,,,,,,,,,
17,221,0.9432373046875,0.9432373046875,0.715152382850647,0.8925724625587463,0.20415672659873962,0.7373225092887878,0.9597091674804688,0.4903465211391449,0.9399582743644714,,,,,,,,,,,,,,,,,,
