stem,split,selection_id,class,is_mining,source,col,row,mining_pct,preview
BONO_0000,training,0,mining,1,unique_patch,1892,17182,8.368,patch_000_mining.png
BONO_0002,training,2,mining,1,unique_patch,1828,17315,3.711,patch_002_mining.png
BONO_0003,training,3,mining,1,unique_patch,1922,17424,2.283,patch_003_mining.png
BONO_0004,training,4,mining,1,unique_patch,1995,17303,0.684,patch_004_mining.png
BONO_0005,training,5,mining,1,unique_patch,2102,17422,1.52,patch_005_mining.png
BONO_0006,training,6,mining,1,unique_patch,1929,17476,1.147,patch_006_mining.png
BONO_0007,training,7,mining,1,unique_patch,13015,6352,5.707,patch_007_mining.png
BONO_0009,training,9,mining,1,unique_patch,15642,8755,4.822,patch_009_mining.png
BONO_0010,training,10,mining,1,unique_patch,9936,14957,13.721,patch_010_mining.png
BONO_0014,training,14,mining,1,unique_patch,10239,14930,5.688,patch_014_mining.png
BONO_0015,training,15,mining,1,unique_patch,10331,15015,1.715,patch_015_mining.png
BONO_0016,training,16,mining,1,unique_patch,10456,14956,4.315,patch_016_mining.png
BONO_0017,training,17,mining,1,unique_patch,10367,14815,3.113,patch_017_mining.png
BONO_0020,training,20,mining,1,unique_patch,9906,14218,6.964,patch_020_mining.png
BONO_0021,training,21,mining,1,unique_patch,9993,14161,11.768,patch_021_mining.png
BONO_0022,training,22,mining,1,unique_patch,10042,14277,9.741,patch_022_mining.png
BONO_0023,training,23,mining,1,unique_patch,10066,14218,7.892,patch_023_mining.png
BONO_0024,training,24,mining,1,unique_patch,10028,14099,14.673,patch_024_mining.png
BONO_0025,training,25,mining,1,unique_patch,1433,19279,6.195,patch_025_mining.png
BONO_0026,training,26,mining,1,unique_patch,1465,19356,7.404,patch_026_mining.png
BONO_0027,training,27,mining,1,unique_patch,1607,19319,3.918,patch_027_mining.png
BONO_0028,training,28,mining,1,unique_patch,1356,19295,11.42,patch_028_mining.png
BONO_0029,training,29,mining,1,unique_patch,1345,19238,6.061,patch_029_mining.png
BONO_0031,training,31,mining,1,unique_patch,15256,8530,12.903,patch_031_mining.png
BONO_0033,training,33,mining,1,unique_patch,15230,8779,8.112,patch_033_mining.png
BONO_0035,training,35,mining,1,unique_patch,15339,8145,7.22,patch_035_mining.png
BONO_0037,training,37,mining,1,unique_patch,7906,7699,6.61,patch_037_mining.png
BONO_0038,training,38,mining,1,unique_patch,7781,7720,9.753,patch_038_mining.png
BONO_0040,training,40,nonmining,0,unique_patch,8360,7820,0.0,patch_040_nonmining.png
BONO_0043,training,43,nonmining,0,unique_patch,12914,6957,0.0,patch_043_nonmining.png
BONO_0124,training,124,nonmining,0,random_nonmining,6940,2810,0.0,label_124_nonmining.png
BONO_0125,training,125,nonmining,0,random_nonmining,32652,13803,0.0,label_125_nonmining.png
BONO_0131,training,131,nonmining,0,random_nonmining,2551,18612,0.0,label_131_nonmining.png
BONO_0134,training,134,nonmining,0,random_nonmining,7824,23171,0.0,label_134_nonmining.png
BONO_0142,training,142,nonmining,0,random_nonmining,6783,18230,0.0,label_142_nonmining.png
BONO_0143,training,143,nonmining,0,random_nonmining,15639,8292,0.0,label_143_nonmining.png
BONO_0151,training,151,nonmining,0,random_nonmining,26329,6671,0.0,label_151_nonmining.png
BONO_0157,training,157,nonmining,0,random_nonmining,5838,12583,0.0,label_157_nonmining.png
BONO_0165,training,165,nonmining,0,random_nonmining,5129,20470,0.0,label_165_nonmining.png
BONO_0169,training,169,nonmining,0,random_nonmining,10487,7020,0.0,label_169_nonmining.png
BONO_0192,training,192,nonmining,0,random_nonmining,2313,16767,0.0,label_192_nonmining.png
BONO_0197,training,197,nonmining,0,random_nonmining,9325,8519,0.0,label_197_nonmining.png
BONO_0206,training,206,nonmining,0,random_nonmining,8364,3772,0.0,label_206_nonmining.png
BONO_0210,training,210,nonmining,0,random_nonmining,27862,15056,0.0,label_210_nonmining.png
BONO_0212,training,212,nonmining,0,random_nonmining,2512,18473,0.0,label_212_nonmining.png
BONO_0216,training,216,nonmining,0,random_nonmining,22133,9853,0.0,label_216_nonmining.png
BONO_0218,training,218,nonmining,0,random_nonmining,24755,12330,0.0,label_218_nonmining.png
BONO_0222,training,222,nonmining,0,random_nonmining,33549,13120,0.0,label_222_nonmining.png
BONO_0223,training,223,nonmining,0,random_nonmining,17614,13186,0.0,label_223_nonmining.png
BONO_0225,training,225,nonmining,0,random_nonmining,31436,11498,0.0,label_225_nonmining.png
BONO_0226,training,226,nonmining,0,random_nonmining,5170,9000,0.0,label_226_nonmining.png
BONO_0233,training,233,nonmining,0,random_nonmining,26755,11126,0.0,label_233_nonmining.png
BONO_0008,validation,8,nonmining,0,unique_patch,13339,5883,0.0,patch_008_nonmining.png
BONO_0011,validation,11,mining,1,unique_patch,10036,14970,32.086,patch_011_mining.png
BONO_0013,validation,13,mining,1,unique_patch,10035,14904,13.074,patch_013_mining.png
BONO_0018,validation,18,nonmining,0,unique_patch,9693,11999,0.0,patch_018_nonmining.png
BONO_0019,validation,19,mining,1,unique_patch,10287,14424,4.413,patch_019_mining.png
BONO_0030,validation,30,mining,1,unique_patch,1331,19091,10.931,patch_030_mining.png
BONO_0032,validation,32,mining,1,unique_patch,15256,8440,11.658,patch_032_mining.png
BONO_0034,validation,34,mining,1,unique_patch,15282,8341,16.034,patch_034_mining.png
BONO_0036,validation,36,mining,1,unique_patch,15458,8653,8.093,patch_036_mining.png
BONO_0041,validation,41,nonmining,0,unique_patch,11891,7373,0.0,patch_041_nonmining.png
BONO_0164,validation,164,nonmining,0,random_nonmining,23669,9603,0.0,label_164_nonmining.png
BONO_0172,validation,172,nonmining,0,random_nonmining,20340,1294,0.0,label_172_nonmining.png
BONO_0232,validation,232,nonmining,0,random_nonmining,9708,16114,0.0,label_232_nonmining.png
